<?xml version="1.0" encoding="utf-8" ?>
<!-- Copyright 2019 Tecnativa - Pedro M. Baeza
     License AGPL-3.0 or later (http://www.gnu.org/licenses/agpl). -->
<odoo>
    <record id="aeat_mod390_2019_sub07_export_config" model="aeat.model.export.config">
        <field name="name">Mod.390 2019 - Página 7</field>
        <field name="model_number">390</field>
        <field name="active" eval="False" />
    </record>
    <record
        id="aeat_mod390_2019_sub07_export_line_01"
        model="aeat.model.export.config.line"
    >
        <field name="sequence">1</field>
        <field name="export_config_id" ref="aeat_mod390_2019_sub07_export_config" />
        <field name="name">Constante: &lt;T</field>
        <field name="fixed_value">&lt;T</field>
        <field name="export_type">string</field>
        <field name="size">2</field>
        <field name="alignment">left</field>
    </record>
    <record
        id="aeat_mod390_2019_sub07_export_line_02"
        model="aeat.model.export.config.line"
    >
        <field name="sequence">2</field>
        <field name="export_config_id" ref="aeat_mod390_2019_sub07_export_config" />
        <field name="name">Constante: 390</field>
        <field name="fixed_value">390</field>
        <field name="export_type">string</field>
        <field name="size">3</field>
        <field name="alignment">left</field>
    </record>
    <record
        id="aeat_mod390_2019_sub07_export_line_03"
        model="aeat.model.export.config.line"
    >
        <field name="sequence">3</field>
        <field name="export_config_id" ref="aeat_mod390_2019_sub07_export_config" />
        <field name="name">Página</field>
        <field name="fixed_value">07</field>
        <field name="export_type">string</field>
        <field name="size">2</field>
        <field name="alignment">left</field>
    </record>
    <record
        id="aeat_mod390_2019_sub07_export_line_04"
        model="aeat.model.export.config.line"
    >
        <field name="sequence">4</field>
        <field name="export_config_id" ref="aeat_mod390_2019_sub07_export_config" />
        <field name="name">Constante: 000&gt;</field>
        <field name="fixed_value">000&gt;</field>
        <field name="export_type">string</field>
        <field name="size">4</field>
        <field name="alignment">left</field>
    </record>
    <record
        id="aeat_mod390_2019_sub07_export_line_05"
        model="aeat.model.export.config.line"
    >
        <field name="sequence">5</field>
        <field name="export_config_id" ref="aeat_mod390_2019_sub07_export_config" />
        <field name="name">Indicador de página complementaria: En blanco</field>
        <field name="fixed_value" />
        <field name="export_type">string</field>
        <field name="size">1</field>
        <field name="alignment">left</field>
    </record>
    <record
        id="aeat_mod390_2019_sub07_export_line_06"
        model="aeat.model.export.config.line"
    >
        <field name="sequence">6</field>
        <field name="export_config_id" ref="aeat_mod390_2019_sub07_export_config" />
        <field
            name="name"
        >11. Oper. Específicas - Adquisiciones interiores exentas [230]</field>
        <field
            name="expression"
        >${object.tax_line_ids.filtered(lambda r: r.field_number == 230).amount}</field>
        <field name="export_type">float</field>
        <field name="apply_sign" eval="True" />
        <field name="size">17</field>
        <field name="decimal_size">2</field>
        <field name="alignment">right</field>
    </record>
    <record
        id="aeat_mod390_2019_sub07_export_line_07"
        model="aeat.model.export.config.line"
    >
        <field name="sequence">7</field>
        <field name="export_config_id" ref="aeat_mod390_2019_sub07_export_config" />
        <field
            name="name"
        >11. Oper. específicas - Adquisiciones intracomunitarias exentas [109]</field>
        <field
            name="expression"
        >${object.tax_line_ids.filtered(lambda r: r.field_number == 109).amount}</field>
        <field name="export_type">float</field>
        <field name="apply_sign" eval="True" />
        <field name="size">17</field>
        <field name="decimal_size">2</field>
        <field name="alignment">right</field>
    </record>
    <record
        id="aeat_mod390_2019_sub07_export_line_08"
        model="aeat.model.export.config.line"
    >
        <field name="sequence">8</field>
        <field name="export_config_id" ref="aeat_mod390_2019_sub07_export_config" />
        <field name="name">11. Oper. Específicas - Importaciones exentas [231]</field>
        <field
            name="expression"
        >${object.tax_line_ids.filtered(lambda r: r.field_number == 231).amount}</field>
        <field name="export_type">float</field>
        <field name="apply_sign" eval="True" />
        <field name="size">17</field>
        <field name="decimal_size">2</field>
        <field name="alignment">right</field>
    </record>
    <record
        id="aeat_mod390_2019_sub07_export_line_09"
        model="aeat.model.export.config.line"
    >
        <field name="sequence">9</field>
        <field name="export_config_id" ref="aeat_mod390_2019_sub07_export_config" />
        <field
            name="name"
        >11. Oper. Específicas - Bases imponibles IVA soportado no deducible [232]</field>
        <field
            name="expression"
        >${object.tax_line_ids.filtered(lambda r: r.field_number == 232).amount}</field>
        <field name="export_type">float</field>
        <field name="apply_sign" eval="True" />
        <field name="size">17</field>
        <field name="decimal_size">2</field>
        <field name="alignment">right</field>
    </record>
    <record
        id="aeat_mod390_2019_sub07_export_line_10"
        model="aeat.model.export.config.line"
    >
        <field name="sequence">10</field>
        <field name="export_config_id" ref="aeat_mod390_2019_sub07_export_config" />
        <field
            name="name"
        >11. Oper. específicas - Oper. sujetas que originan el derecho a la devolución mensual [111]</field>
        <field name="fixed_value">0</field>
        <field name="export_type">float</field>
        <field name="apply_sign" eval="True" />
        <field name="size">17</field>
        <field name="decimal_size">2</field>
        <field name="alignment">right</field>
    </record>
    <record
        id="aeat_mod390_2019_sub07_export_line_11"
        model="aeat.model.export.config.line"
    >
        <field name="sequence">11</field>
        <field name="export_config_id" ref="aeat_mod390_2019_sub07_export_config" />
        <field
            name="name"
        >11. Oper. específicas - Entrega interior bienes devengada por invers. sujet. pasiv. operac. triangul. [113]</field>
        <field name="fixed_value">0</field>
        <field name="export_type">float</field>
        <field name="apply_sign" eval="True" />
        <field name="size">17</field>
        <field name="decimal_size">2</field>
        <field name="alignment">right</field>
    </record>
    <record
        id="aeat_mod390_2019_sub07_export_line_12"
        model="aeat.model.export.config.line"
    >
        <field name="sequence">12</field>
        <field name="export_config_id" ref="aeat_mod390_2019_sub07_export_config" />
        <field
            name="name"
        >11. Oper. Específicas - Servicios localizados en el territorio de aplicación del impuesto por inversión del sujeto pasivo [523]</field>
        <field name="fixed_value">0</field>
        <field name="export_type">float</field>
        <field name="apply_sign" eval="True" />
        <field name="size">17</field>
        <field name="decimal_size">2</field>
        <field name="alignment">right</field>
    </record>
    <record
        id="aeat_mod390_2019_sub07_export_line_13"
        model="aeat.model.export.config.line"
    >
        <field name="sequence">13</field>
        <field name="export_config_id" ref="aeat_mod390_2019_sub07_export_config" />
        <field
            name="name"
        >11. Oper. Específicas - Importes de las entregas de bienes regimen especial criterio caja - Base imponible [654]</field>
        <field name="fixed_value">0</field>
        <field name="export_type">float</field>
        <field name="apply_sign" eval="True" />
        <field name="size">17</field>
        <field name="decimal_size">2</field>
        <field name="alignment">right</field>
    </record>
    <record
        id="aeat_mod390_2019_sub07_export_line_14"
        model="aeat.model.export.config.line"
    >
        <field name="sequence">14</field>
        <field name="export_config_id" ref="aeat_mod390_2019_sub07_export_config" />
        <field
            name="name"
        >11. Oper. Específicas - Importes de las entregas de bienes regimen especial criterio caja - Cuota [655]</field>
        <field name="fixed_value">0</field>
        <field name="export_type">float</field>
        <field name="apply_sign" eval="True" />
        <field name="size">17</field>
        <field name="decimal_size">2</field>
        <field name="alignment">right</field>
    </record>
    <record
        id="aeat_mod390_2019_sub07_export_line_15"
        model="aeat.model.export.config.line"
    >
        <field name="sequence">15</field>
        <field name="export_config_id" ref="aeat_mod390_2019_sub07_export_config" />
        <field
            name="name"
        >11. Oper. Específicas - Importes de las adquisiciones de bienes regimen especial criterio caja - Base imponible [656]</field>
        <field name="fixed_value">0</field>
        <field name="export_type">float</field>
        <field name="apply_sign" eval="True" />
        <field name="size">17</field>
        <field name="decimal_size">2</field>
        <field name="alignment">right</field>
    </record>
    <record
        id="aeat_mod390_2019_sub07_export_line_16"
        model="aeat.model.export.config.line"
    >
        <field name="sequence">16</field>
        <field name="export_config_id" ref="aeat_mod390_2019_sub07_export_config" />
        <field
            name="name"
        >11. Oper. Específicas - Importes de las adquisiciones de bienes regimen especial criterio caja - Cuota [657]</field>
        <field name="fixed_value">0</field>
        <field name="export_type">float</field>
        <field name="apply_sign" eval="True" />
        <field name="size">17</field>
        <field name="decimal_size">2</field>
        <field name="alignment">right</field>
    </record>
    <record
        id="aeat_mod390_2019_sub07_export_line_17"
        model="aeat.model.export.config.line"
    >
        <field name="sequence">17</field>
        <field name="export_config_id" ref="aeat_mod390_2019_sub07_export_config" />
        <field name="name">12. Prorratas - 1 - Actividad desarrollada</field>
        <field name="fixed_value" />
        <field name="export_type">string</field>
        <field name="size">40</field>
        <field name="alignment">left</field>
    </record>
    <record
        id="aeat_mod390_2019_sub07_export_line_18"
        model="aeat.model.export.config.line"
    >
        <field name="sequence">18</field>
        <field name="export_config_id" ref="aeat_mod390_2019_sub07_export_config" />
        <field name="name">12. Prorratas - 1 - Código CNAE [114]</field>
        <field name="fixed_value" />
        <field name="export_type">string</field>
        <field name="size">3</field>
        <field name="alignment">left</field>
    </record>
    <record
        id="aeat_mod390_2019_sub07_export_line_19"
        model="aeat.model.export.config.line"
    >
        <field name="sequence">19</field>
        <field name="export_config_id" ref="aeat_mod390_2019_sub07_export_config" />
        <field name="name">12. Prorratas - 1 - Importe de operaciones [115]</field>
        <field name="fixed_value">0</field>
        <field name="export_type">float</field>
        <field name="apply_sign" eval="True" />
        <field name="size">17</field>
        <field name="decimal_size">2</field>
        <field name="alignment">right</field>
    </record>
    <record
        id="aeat_mod390_2019_sub07_export_line_20"
        model="aeat.model.export.config.line"
    >
        <field name="sequence">20</field>
        <field name="export_config_id" ref="aeat_mod390_2019_sub07_export_config" />
        <field
            name="name"
        >12. Prorratas - 1 - Importe de operaciones con derecho a deducción [116]</field>
        <field name="fixed_value">0</field>
        <field name="export_type">float</field>
        <field name="apply_sign" eval="True" />
        <field name="size">17</field>
        <field name="decimal_size">2</field>
        <field name="alignment">right</field>
    </record>
    <record
        id="aeat_mod390_2019_sub07_export_line_21"
        model="aeat.model.export.config.line"
    >
        <field name="sequence">21</field>
        <field name="export_config_id" ref="aeat_mod390_2019_sub07_export_config" />
        <field name="name">12. Prorratas - 1 - Tipo de prorrata [117]</field>
        <field name="fixed_value" />
        <field name="export_type">string</field>
        <field name="size">1</field>
        <field name="alignment">left</field>
    </record>
    <record
        id="aeat_mod390_2019_sub07_export_line_22"
        model="aeat.model.export.config.line"
    >
        <field name="sequence">22</field>
        <field name="export_config_id" ref="aeat_mod390_2019_sub07_export_config" />
        <field name="name">12. Prorratas - 1 - % de prorrata [118]</field>
        <field name="fixed_value">0</field>
        <field name="export_type">float</field>
        <field name="apply_sign" eval="False" />
        <field name="size">5</field>
        <field name="decimal_size">2</field>
        <field name="alignment">right</field>
    </record>
    <record
        id="aeat_mod390_2019_sub07_export_line_23"
        model="aeat.model.export.config.line"
    >
        <field name="sequence">23</field>
        <field name="export_config_id" ref="aeat_mod390_2019_sub07_export_config" />
        <field name="name">12. Prorratas - 2 - Actividad desarrollada</field>
        <field name="fixed_value" />
        <field name="export_type">string</field>
        <field name="size">40</field>
        <field name="alignment">left</field>
    </record>
    <record
        id="aeat_mod390_2019_sub07_export_line_24"
        model="aeat.model.export.config.line"
    >
        <field name="sequence">24</field>
        <field name="export_config_id" ref="aeat_mod390_2019_sub07_export_config" />
        <field name="name">12. Prorratas - 2 - Código CNAE [119]</field>
        <field name="fixed_value" />
        <field name="export_type">string</field>
        <field name="size">3</field>
        <field name="alignment">left</field>
    </record>
    <record
        id="aeat_mod390_2019_sub07_export_line_25"
        model="aeat.model.export.config.line"
    >
        <field name="sequence">25</field>
        <field name="export_config_id" ref="aeat_mod390_2019_sub07_export_config" />
        <field name="name">12. Prorratas - 2 - Importe de operaciones [120]</field>
        <field name="fixed_value">0</field>
        <field name="export_type">float</field>
        <field name="apply_sign" eval="True" />
        <field name="size">17</field>
        <field name="decimal_size">2</field>
        <field name="alignment">right</field>
    </record>
    <record
        id="aeat_mod390_2019_sub07_export_line_26"
        model="aeat.model.export.config.line"
    >
        <field name="sequence">26</field>
        <field name="export_config_id" ref="aeat_mod390_2019_sub07_export_config" />
        <field
            name="name"
        >12. Prorratas - 2 - Importe de operaciones con derecho a deducción [121]</field>
        <field name="fixed_value">0</field>
        <field name="export_type">float</field>
        <field name="apply_sign" eval="True" />
        <field name="size">17</field>
        <field name="decimal_size">2</field>
        <field name="alignment">right</field>
    </record>
    <record
        id="aeat_mod390_2019_sub07_export_line_27"
        model="aeat.model.export.config.line"
    >
        <field name="sequence">27</field>
        <field name="export_config_id" ref="aeat_mod390_2019_sub07_export_config" />
        <field name="name">12. Prorratas - 2 - Tipo de prorrata [122]</field>
        <field name="fixed_value" />
        <field name="export_type">string</field>
        <field name="size">1</field>
        <field name="alignment">left</field>
    </record>
    <record
        id="aeat_mod390_2019_sub07_export_line_28"
        model="aeat.model.export.config.line"
    >
        <field name="sequence">28</field>
        <field name="export_config_id" ref="aeat_mod390_2019_sub07_export_config" />
        <field name="name">12. Prorratas - 2 - % de prorrata [123]</field>
        <field name="fixed_value">0</field>
        <field name="export_type">float</field>
        <field name="apply_sign" eval="False" />
        <field name="size">5</field>
        <field name="decimal_size">2</field>
        <field name="alignment">right</field>
    </record>
    <record
        id="aeat_mod390_2019_sub07_export_line_29"
        model="aeat.model.export.config.line"
    >
        <field name="sequence">29</field>
        <field name="export_config_id" ref="aeat_mod390_2019_sub07_export_config" />
        <field name="name">12. Prorratas - 3 - Actividad desarrollada</field>
        <field name="fixed_value" />
        <field name="export_type">string</field>
        <field name="size">40</field>
        <field name="alignment">left</field>
    </record>
    <record
        id="aeat_mod390_2019_sub07_export_line_30"
        model="aeat.model.export.config.line"
    >
        <field name="sequence">30</field>
        <field name="export_config_id" ref="aeat_mod390_2019_sub07_export_config" />
        <field name="name">12. Prorratas - 3 - Código CNAE [124]</field>
        <field name="fixed_value" />
        <field name="export_type">string</field>
        <field name="size">3</field>
        <field name="alignment">left</field>
    </record>
    <record
        id="aeat_mod390_2019_sub07_export_line_31"
        model="aeat.model.export.config.line"
    >
        <field name="sequence">31</field>
        <field name="export_config_id" ref="aeat_mod390_2019_sub07_export_config" />
        <field name="name">12. Prorratas - 3 - Importe de operaciones [125]</field>
        <field name="fixed_value">0</field>
        <field name="export_type">float</field>
        <field name="apply_sign" eval="True" />
        <field name="size">17</field>
        <field name="decimal_size">2</field>
        <field name="alignment">right</field>
    </record>
    <record
        id="aeat_mod390_2019_sub07_export_line_32"
        model="aeat.model.export.config.line"
    >
        <field name="sequence">32</field>
        <field name="export_config_id" ref="aeat_mod390_2019_sub07_export_config" />
        <field
            name="name"
        >12. Prorratas - 3 - Importe de operaciones con derecho a deducción [126]</field>
        <field name="fixed_value">0</field>
        <field name="export_type">float</field>
        <field name="apply_sign" eval="True" />
        <field name="size">17</field>
        <field name="decimal_size">2</field>
        <field name="alignment">right</field>
    </record>
    <record
        id="aeat_mod390_2019_sub07_export_line_33"
        model="aeat.model.export.config.line"
    >
        <field name="sequence">33</field>
        <field name="export_config_id" ref="aeat_mod390_2019_sub07_export_config" />
        <field name="name">12. Prorratas - 3 - Tipo de prorrata [127]</field>
        <field name="fixed_value" />
        <field name="export_type">string</field>
        <field name="size">1</field>
        <field name="alignment">left</field>
    </record>
    <record
        id="aeat_mod390_2019_sub07_export_line_34"
        model="aeat.model.export.config.line"
    >
        <field name="sequence">34</field>
        <field name="export_config_id" ref="aeat_mod390_2019_sub07_export_config" />
        <field name="name">12. Prorratas - 3 - % de prorrata [128]</field>
        <field name="fixed_value">0</field>
        <field name="export_type">float</field>
        <field name="apply_sign" eval="False" />
        <field name="size">5</field>
        <field name="decimal_size">2</field>
        <field name="alignment">right</field>
    </record>
    <record
        id="aeat_mod390_2019_sub07_export_line_35"
        model="aeat.model.export.config.line"
    >
        <field name="sequence">35</field>
        <field name="export_config_id" ref="aeat_mod390_2019_sub07_export_config" />
        <field name="name">12. Prorratas - 4 - Actividad desarrollada</field>
        <field name="fixed_value" />
        <field name="export_type">string</field>
        <field name="size">40</field>
        <field name="alignment">left</field>
    </record>
    <record
        id="aeat_mod390_2019_sub07_export_line_36"
        model="aeat.model.export.config.line"
    >
        <field name="sequence">36</field>
        <field name="export_config_id" ref="aeat_mod390_2019_sub07_export_config" />
        <field name="name">12. Prorratas - 4 - Código CNAE [129]</field>
        <field name="fixed_value" />
        <field name="export_type">string</field>
        <field name="size">3</field>
        <field name="alignment">left</field>
    </record>
    <record
        id="aeat_mod390_2019_sub07_export_line_37"
        model="aeat.model.export.config.line"
    >
        <field name="sequence">37</field>
        <field name="export_config_id" ref="aeat_mod390_2019_sub07_export_config" />
        <field name="name">12. Prorratas - 4 - Importe de operaciones [130]</field>
        <field name="fixed_value">0</field>
        <field name="export_type">float</field>
        <field name="apply_sign" eval="True" />
        <field name="size">17</field>
        <field name="decimal_size">2</field>
        <field name="alignment">right</field>
    </record>
    <record
        id="aeat_mod390_2019_sub07_export_line_38"
        model="aeat.model.export.config.line"
    >
        <field name="sequence">38</field>
        <field name="export_config_id" ref="aeat_mod390_2019_sub07_export_config" />
        <field
            name="name"
        >12. Prorratas - 4 - Importe de operaciones con derecho a deducción [131]</field>
        <field name="fixed_value">0</field>
        <field name="export_type">float</field>
        <field name="apply_sign" eval="True" />
        <field name="size">17</field>
        <field name="decimal_size">2</field>
        <field name="alignment">right</field>
    </record>
    <record
        id="aeat_mod390_2019_sub07_export_line_39"
        model="aeat.model.export.config.line"
    >
        <field name="sequence">39</field>
        <field name="export_config_id" ref="aeat_mod390_2019_sub07_export_config" />
        <field name="name">12. Prorratas - 4 - Tipo de prorrata [132]</field>
        <field name="fixed_value" />
        <field name="export_type">string</field>
        <field name="size">1</field>
        <field name="alignment">left</field>
    </record>
    <record
        id="aeat_mod390_2019_sub07_export_line_40"
        model="aeat.model.export.config.line"
    >
        <field name="sequence">40</field>
        <field name="export_config_id" ref="aeat_mod390_2019_sub07_export_config" />
        <field name="name">12. Prorratas - 4 - % de prorrata [133]</field>
        <field name="fixed_value">0</field>
        <field name="export_type">float</field>
        <field name="apply_sign" eval="False" />
        <field name="size">5</field>
        <field name="decimal_size">2</field>
        <field name="alignment">right</field>
    </record>
    <record
        id="aeat_mod390_2019_sub07_export_line_41"
        model="aeat.model.export.config.line"
    >
        <field name="sequence">41</field>
        <field name="export_config_id" ref="aeat_mod390_2019_sub07_export_config" />
        <field name="name">12. Prorratas - 5 - Actividad desarrollada</field>
        <field name="fixed_value" />
        <field name="export_type">string</field>
        <field name="size">40</field>
        <field name="alignment">left</field>
    </record>
    <record
        id="aeat_mod390_2019_sub07_export_line_42"
        model="aeat.model.export.config.line"
    >
        <field name="sequence">42</field>
        <field name="export_config_id" ref="aeat_mod390_2019_sub07_export_config" />
        <field name="name">12. Prorratas - 5 - Código CNAE [134]</field>
        <field name="fixed_value" />
        <field name="export_type">string</field>
        <field name="size">3</field>
        <field name="alignment">left</field>
    </record>
    <record
        id="aeat_mod390_2019_sub07_export_line_43"
        model="aeat.model.export.config.line"
    >
        <field name="sequence">43</field>
        <field name="export_config_id" ref="aeat_mod390_2019_sub07_export_config" />
        <field name="name">12. Prorratas - 5 - Importe de operaciones [135]</field>
        <field name="fixed_value">0</field>
        <field name="export_type">float</field>
        <field name="apply_sign" eval="True" />
        <field name="size">17</field>
        <field name="decimal_size">2</field>
        <field name="alignment">right</field>
    </record>
    <record
        id="aeat_mod390_2019_sub07_export_line_44"
        model="aeat.model.export.config.line"
    >
        <field name="sequence">44</field>
        <field name="export_config_id" ref="aeat_mod390_2019_sub07_export_config" />
        <field
            name="name"
        >12. Prorratas - 5 - Importe de operaciones con derecho a deducción [136]</field>
        <field name="fixed_value">0</field>
        <field name="export_type">float</field>
        <field name="apply_sign" eval="True" />
        <field name="size">17</field>
        <field name="decimal_size">2</field>
        <field name="alignment">right</field>
    </record>
    <record
        id="aeat_mod390_2019_sub07_export_line_45"
        model="aeat.model.export.config.line"
    >
        <field name="sequence">45</field>
        <field name="export_config_id" ref="aeat_mod390_2019_sub07_export_config" />
        <field name="name">12. Prorratas - 5 - Tipo de prorrata [137]</field>
        <field name="fixed_value" />
        <field name="export_type">string</field>
        <field name="size">1</field>
        <field name="alignment">left</field>
    </record>
    <record
        id="aeat_mod390_2019_sub07_export_line_46"
        model="aeat.model.export.config.line"
    >
        <field name="sequence">46</field>
        <field name="export_config_id" ref="aeat_mod390_2019_sub07_export_config" />
        <field name="name">12. Prorratas - 5 - % de prorrata [138]</field>
        <field name="fixed_value">0</field>
        <field name="export_type">float</field>
        <field name="apply_sign" eval="False" />
        <field name="size">5</field>
        <field name="decimal_size">2</field>
        <field name="alignment">right</field>
    </record>
    <record
        id="aeat_mod390_2019_sub07_export_line_47"
        model="aeat.model.export.config.line"
    >
        <field name="sequence">47</field>
        <field name="export_config_id" ref="aeat_mod390_2019_sub07_export_config" />
        <field name="name">Reservado para la A.E.A.T. (Dejar en blanco)</field>
        <field name="fixed_value" />
        <field name="export_type">string</field>
        <field name="size">150</field>
        <field name="alignment">left</field>
    </record>
    <record
        id="aeat_mod390_2019_sub07_export_line_48"
        model="aeat.model.export.config.line"
    >
        <field name="sequence">48</field>
        <field name="export_config_id" ref="aeat_mod390_2019_sub07_export_config" />
        <field name="name">Indicador de fin de registro: &lt;/T39007000&gt;</field>
        <field name="fixed_value">&lt;/T39007000&gt;</field>
        <field name="export_type">string</field>
        <field name="size">12</field>
        <field name="alignment">left</field>
    </record>
</odoo>
