<?xml version="1.0" encoding="utf-8" ?>
<!-- Copyright 2019 Tecnativa - Pedro M. Baeza
     License AGPL-3.0 or later (http://www.gnu.org/licenses/agpl). -->
<odoo>
    <record id="aeat_mod390_2019_sub02_export_config" model="aeat.model.export.config">
        <field name="name">Mod.390 2019 - Página 2</field>
        <field name="model_number">390</field>
        <field name="active" eval="False" />
    </record>
    <record
        id="aeat_mod390_2019_sub02_export_line_01"
        model="aeat.model.export.config.line"
    >
        <field name="sequence">1</field>
        <field name="export_config_id" ref="aeat_mod390_2019_sub02_export_config" />
        <field name="name">Constante: &lt;T</field>
        <field name="fixed_value">&lt;T</field>
        <field name="export_type">string</field>
        <field name="size">2</field>
        <field name="alignment">left</field>
    </record>
    <record
        id="aeat_mod390_2019_sub02_export_line_02"
        model="aeat.model.export.config.line"
    >
        <field name="sequence">2</field>
        <field name="export_config_id" ref="aeat_mod390_2019_sub02_export_config" />
        <field name="name">Constante: 390</field>
        <field name="fixed_value">390</field>
        <field name="export_type">string</field>
        <field name="size">3</field>
        <field name="alignment">left</field>
    </record>
    <record
        id="aeat_mod390_2019_sub02_export_line_03"
        model="aeat.model.export.config.line"
    >
        <field name="sequence">3</field>
        <field name="export_config_id" ref="aeat_mod390_2019_sub02_export_config" />
        <field name="name">Página</field>
        <field name="fixed_value">02</field>
        <field name="export_type">string</field>
        <field name="size">2</field>
        <field name="alignment">left</field>
    </record>
    <record
        id="aeat_mod390_2019_sub02_export_line_04"
        model="aeat.model.export.config.line"
    >
        <field name="sequence">4</field>
        <field name="export_config_id" ref="aeat_mod390_2019_sub02_export_config" />
        <field name="name">Constante: 000&gt;</field>
        <field name="fixed_value">000&gt;</field>
        <field name="export_type">string</field>
        <field name="size">4</field>
        <field name="alignment">left</field>
    </record>
    <record
        id="aeat_mod390_2019_sub02_export_line_05"
        model="aeat.model.export.config.line"
    >
        <field name="sequence">5</field>
        <field name="export_config_id" ref="aeat_mod390_2019_sub02_export_config" />
        <field name="name">Indicador de página complementaria: En blanco</field>
        <field name="fixed_value" />
        <field name="export_type">string</field>
        <field name="size">1</field>
        <field name="alignment">left</field>
    </record>
    <record
        id="aeat_mod390_2019_sub02_export_line_06"
        model="aeat.model.export.config.line"
    >
        <field name="sequence">6</field>
        <field name="export_config_id" ref="aeat_mod390_2019_sub02_export_config" />
        <field
            name="name"
        >5. Operaciones Reg. Gral. - Base Imponible y cuota - Reg. ordin. - Base imponible [01]</field>
        <field
            name="expression"
        >${object.tax_line_ids.filtered(lambda r: r.field_number == 1).amount}</field>
        <field name="export_type">float</field>
        <field name="apply_sign" eval="True" />
        <field name="size">17</field>
        <field name="decimal_size">2</field>
        <field name="alignment">right</field>
    </record>
    <record
        id="aeat_mod390_2019_sub02_export_line_07"
        model="aeat.model.export.config.line"
    >
        <field name="sequence">7</field>
        <field name="export_config_id" ref="aeat_mod390_2019_sub02_export_config" />
        <field
            name="name"
        >5. Operaciones Reg. Gral. - Base Imponible y cuota - Reg. ordin. - Cuota [02]</field>
        <field
            name="expression"
        >${object.tax_line_ids.filtered(lambda r: r.field_number == 2).amount}</field>
        <field name="export_type">float</field>
        <field name="apply_sign" eval="True" />
        <field name="size">17</field>
        <field name="decimal_size">2</field>
        <field name="alignment">right</field>
    </record>
    <record
        id="aeat_mod390_2019_sub02_export_line_08"
        model="aeat.model.export.config.line"
    >
        <field name="sequence">8</field>
        <field name="export_config_id" ref="aeat_mod390_2019_sub02_export_config" />
        <field
            name="name"
        >5. Operaciones Reg. Gral. - Base Imponible y cuota - Reg. ordin. - Base imponible [03]</field>
        <field
            name="expression"
        >${object.tax_line_ids.filtered(lambda r: r.field_number == 3).amount}</field>
        <field name="export_type">float</field>
        <field name="apply_sign" eval="True" />
        <field name="size">17</field>
        <field name="decimal_size">2</field>
        <field name="alignment">right</field>
    </record>
    <record
        id="aeat_mod390_2019_sub02_export_line_09"
        model="aeat.model.export.config.line"
    >
        <field name="sequence">9</field>
        <field name="export_config_id" ref="aeat_mod390_2019_sub02_export_config" />
        <field
            name="name"
        >5. Operaciones Reg. Gral. - Base Imponible y cuota - Reg. ordin. - Cuota [04]</field>
        <field
            name="expression"
        >${object.tax_line_ids.filtered(lambda r: r.field_number == 4).amount}</field>
        <field name="export_type">float</field>
        <field name="apply_sign" eval="True" />
        <field name="size">17</field>
        <field name="decimal_size">2</field>
        <field name="alignment">right</field>
    </record>
    <record
        id="aeat_mod390_2019_sub02_export_line_10"
        model="aeat.model.export.config.line"
    >
        <field name="sequence">10</field>
        <field name="export_config_id" ref="aeat_mod390_2019_sub02_export_config" />
        <field
            name="name"
        >5. Operaciones Reg. Gral. - Base Imponible y cuota - Reg. ordin. - Base imponible [05]</field>
        <field
            name="expression"
        >${object.tax_line_ids.filtered(lambda r: r.field_number == 5).amount}</field>
        <field name="export_type">float</field>
        <field name="apply_sign" eval="True" />
        <field name="size">17</field>
        <field name="decimal_size">2</field>
        <field name="alignment">right</field>
    </record>
    <record
        id="aeat_mod390_2019_sub02_export_line_11"
        model="aeat.model.export.config.line"
    >
        <field name="sequence">11</field>
        <field name="export_config_id" ref="aeat_mod390_2019_sub02_export_config" />
        <field
            name="name"
        >5. Operaciones Reg. Gral. - Base Imponible y cuota - Reg. ordin. - Cuota [06]</field>
        <field
            name="expression"
        >${object.tax_line_ids.filtered(lambda r: r.field_number == 6).amount}</field>
        <field name="export_type">float</field>
        <field name="apply_sign" eval="True" />
        <field name="size">17</field>
        <field name="decimal_size">2</field>
        <field name="alignment">right</field>
    </record>
    <record
        id="aeat_mod390_2019_sub02_export_line_12"
        model="aeat.model.export.config.line"
    >
        <field name="sequence">12</field>
        <field name="export_config_id" ref="aeat_mod390_2019_sub02_export_config" />
        <field
            name="name"
        >5. Operaciones Reg. Gral. - Base imponible y cuota - operaciones intragrupo - Base imponible [500]</field>
        <field name="fixed_value">0</field>
        <field name="export_type">float</field>
        <field name="apply_sign" eval="True" />
        <field name="size">17</field>
        <field name="decimal_size">2</field>
        <field name="alignment">right</field>
    </record>
    <record
        id="aeat_mod390_2019_sub02_export_line_13"
        model="aeat.model.export.config.line"
    >
        <field name="sequence">13</field>
        <field name="export_config_id" ref="aeat_mod390_2019_sub02_export_config" />
        <field
            name="name"
        >5. Operaciones Reg. Gral. - Base imponible y cuota - operaciones intragrupo - Cuota [501]</field>
        <field name="fixed_value">0</field>
        <field name="export_type">float</field>
        <field name="apply_sign" eval="True" />
        <field name="size">17</field>
        <field name="decimal_size">2</field>
        <field name="alignment">right</field>
    </record>
    <record
        id="aeat_mod390_2019_sub02_export_line_14"
        model="aeat.model.export.config.line"
    >
        <field name="sequence">14</field>
        <field name="export_config_id" ref="aeat_mod390_2019_sub02_export_config" />
        <field
            name="name"
        >5. Operaciones Reg. Gral. - Base imponible y cuota - operaciones intragrupo - Base imponible [502]</field>
        <field name="fixed_value">0</field>
        <field name="export_type">float</field>
        <field name="apply_sign" eval="True" />
        <field name="size">17</field>
        <field name="decimal_size">2</field>
        <field name="alignment">right</field>
    </record>
    <record
        id="aeat_mod390_2019_sub02_export_line_15"
        model="aeat.model.export.config.line"
    >
        <field name="sequence">15</field>
        <field name="export_config_id" ref="aeat_mod390_2019_sub02_export_config" />
        <field
            name="name"
        >5. Operaciones Reg. Gral. - Base imponible y cuota - operaciones intragrupo - Cuota [503]</field>
        <field name="fixed_value">0</field>
        <field name="export_type">float</field>
        <field name="apply_sign" eval="True" />
        <field name="size">17</field>
        <field name="decimal_size">2</field>
        <field name="alignment">right</field>
    </record>
    <record
        id="aeat_mod390_2019_sub02_export_line_16"
        model="aeat.model.export.config.line"
    >
        <field name="sequence">16</field>
        <field name="export_config_id" ref="aeat_mod390_2019_sub02_export_config" />
        <field
            name="name"
        >5. Operaciones Reg. Gral. - Base imponible y cuota - operaciones intragrupo - Base imponible [504]</field>
        <field name="fixed_value">0</field>
        <field name="export_type">float</field>
        <field name="apply_sign" eval="True" />
        <field name="size">17</field>
        <field name="decimal_size">2</field>
        <field name="alignment">right</field>
    </record>
    <record
        id="aeat_mod390_2019_sub02_export_line_17"
        model="aeat.model.export.config.line"
    >
        <field name="sequence">17</field>
        <field name="export_config_id" ref="aeat_mod390_2019_sub02_export_config" />
        <field
            name="name"
        >5. Operaciones Reg. Gral. - Base imponible y cuota - operaciones intragrupo - Cuota [505]</field>
        <field name="fixed_value">0</field>
        <field name="export_type">float</field>
        <field name="apply_sign" eval="True" />
        <field name="size">17</field>
        <field name="decimal_size">2</field>
        <field name="alignment">right</field>
    </record>
    <record
        id="aeat_mod390_2019_sub02_export_line_18"
        model="aeat.model.export.config.line"
    >
        <field name="sequence">18</field>
        <field name="export_config_id" ref="aeat_mod390_2019_sub02_export_config" />
        <field
            name="name"
        >5. Operaciones Reg. Gral. - Base imponible y cuota - regimen especial criterio caja - Base imponible [643]</field>
        <field name="fixed_value">0</field>
        <field name="export_type">float</field>
        <field name="apply_sign" eval="True" />
        <field name="size">17</field>
        <field name="decimal_size">2</field>
        <field name="alignment">right</field>
    </record>
    <record
        id="aeat_mod390_2019_sub02_export_line_19"
        model="aeat.model.export.config.line"
    >
        <field name="sequence">19</field>
        <field name="export_config_id" ref="aeat_mod390_2019_sub02_export_config" />
        <field
            name="name"
        >5. Operaciones Reg. Gral. - Base imponible y cuota - regimen especial criterio caja - Cuota [644]</field>
        <field name="fixed_value">0</field>
        <field name="export_type">float</field>
        <field name="apply_sign" eval="True" />
        <field name="size">17</field>
        <field name="decimal_size">2</field>
        <field name="alignment">right</field>
    </record>
    <record
        id="aeat_mod390_2019_sub02_export_line_20"
        model="aeat.model.export.config.line"
    >
        <field name="sequence">20</field>
        <field name="export_config_id" ref="aeat_mod390_2019_sub02_export_config" />
        <field
            name="name"
        >5. Operaciones Reg. Gral. - Base imponible y cuota - regimen especial criterio caja - Base imponible [645]</field>
        <field name="fixed_value">0</field>
        <field name="export_type">float</field>
        <field name="apply_sign" eval="True" />
        <field name="size">17</field>
        <field name="decimal_size">2</field>
        <field name="alignment">right</field>
    </record>
    <record
        id="aeat_mod390_2019_sub02_export_line_21"
        model="aeat.model.export.config.line"
    >
        <field name="sequence">21</field>
        <field name="export_config_id" ref="aeat_mod390_2019_sub02_export_config" />
        <field
            name="name"
        >5. Operaciones Reg. Gral. - Base imponible y cuota - regimen especial criterio caja - Cuota [646]</field>
        <field name="fixed_value">0</field>
        <field name="export_type">float</field>
        <field name="apply_sign" eval="True" />
        <field name="size">17</field>
        <field name="decimal_size">2</field>
        <field name="alignment">right</field>
    </record>
    <record
        id="aeat_mod390_2019_sub02_export_line_22"
        model="aeat.model.export.config.line"
    >
        <field name="sequence">22</field>
        <field name="export_config_id" ref="aeat_mod390_2019_sub02_export_config" />
        <field
            name="name"
        >5. Operaciones Reg. Gral. - Base imponible y cuota - regimen especial criterio caja - Base imponible [647]</field>
        <field name="fixed_value">0</field>
        <field name="export_type">float</field>
        <field name="apply_sign" eval="True" />
        <field name="size">17</field>
        <field name="decimal_size">2</field>
        <field name="alignment">right</field>
    </record>
    <record
        id="aeat_mod390_2019_sub02_export_line_23"
        model="aeat.model.export.config.line"
    >
        <field name="sequence">23</field>
        <field name="export_config_id" ref="aeat_mod390_2019_sub02_export_config" />
        <field
            name="name"
        >5. Operaciones Reg. Gral. - Base imponible y cuota - regimen especial criterio caja - Cuota [648]</field>
        <field name="fixed_value">0</field>
        <field name="export_type">float</field>
        <field name="apply_sign" eval="True" />
        <field name="size">17</field>
        <field name="decimal_size">2</field>
        <field name="alignment">right</field>
    </record>
    <record
        id="aeat_mod390_2019_sub02_export_line_24"
        model="aeat.model.export.config.line"
    >
        <field name="sequence">24</field>
        <field name="export_config_id" ref="aeat_mod390_2019_sub02_export_config" />
        <field
            name="name"
        >5. Operaciones Reg. Gral. - Base Imponible y cuota - Reg. espec. bienes usados - Base imponible [07]</field>
        <field name="fixed_value">0</field>
        <field name="export_type">float</field>
        <field name="apply_sign" eval="True" />
        <field name="size">17</field>
        <field name="decimal_size">2</field>
        <field name="alignment">right</field>
    </record>
    <record
        id="aeat_mod390_2019_sub02_export_line_25"
        model="aeat.model.export.config.line"
    >
        <field name="sequence">25</field>
        <field name="export_config_id" ref="aeat_mod390_2019_sub02_export_config" />
        <field
            name="name"
        >5. Operaciones Reg. Gral. - Base Imponible y cuota - Reg. espec. bienes usados - Cuota [08]</field>
        <field name="fixed_value">0</field>
        <field name="export_type">float</field>
        <field name="apply_sign" eval="True" />
        <field name="size">17</field>
        <field name="decimal_size">2</field>
        <field name="alignment">right</field>
    </record>
    <record
        id="aeat_mod390_2019_sub02_export_line_26"
        model="aeat.model.export.config.line"
    >
        <field name="sequence">26</field>
        <field name="export_config_id" ref="aeat_mod390_2019_sub02_export_config" />
        <field
            name="name"
        >5. Operaciones Reg. Gral. - Base Imponible y cuota - Reg. espec. bienes usados - Base imponible [09]</field>
        <field name="fixed_value">0</field>
        <field name="export_type">float</field>
        <field name="apply_sign" eval="True" />
        <field name="size">17</field>
        <field name="decimal_size">2</field>
        <field name="alignment">right</field>
    </record>
    <record
        id="aeat_mod390_2019_sub02_export_line_27"
        model="aeat.model.export.config.line"
    >
        <field name="sequence">27</field>
        <field name="export_config_id" ref="aeat_mod390_2019_sub02_export_config" />
        <field
            name="name"
        >5. Operaciones Reg. Gral. - Base Imponible y cuota - Reg. espec. bienes usados - Cuota [10]</field>
        <field name="fixed_value">0</field>
        <field name="export_type">float</field>
        <field name="apply_sign" eval="True" />
        <field name="size">17</field>
        <field name="decimal_size">2</field>
        <field name="alignment">right</field>
    </record>
    <record
        id="aeat_mod390_2019_sub02_export_line_28"
        model="aeat.model.export.config.line"
    >
        <field name="sequence">28</field>
        <field name="export_config_id" ref="aeat_mod390_2019_sub02_export_config" />
        <field
            name="name"
        >5. Operaciones Reg. Gral. - Base Imponible y cuota - Reg. espec. bienes usados - Base imponible [11]</field>
        <field name="fixed_value">0</field>
        <field name="export_type">float</field>
        <field name="apply_sign" eval="True" />
        <field name="size">17</field>
        <field name="decimal_size">2</field>
        <field name="alignment">right</field>
    </record>
    <record
        id="aeat_mod390_2019_sub02_export_line_29"
        model="aeat.model.export.config.line"
    >
        <field name="sequence">29</field>
        <field name="export_config_id" ref="aeat_mod390_2019_sub02_export_config" />
        <field
            name="name"
        >5. Operaciones Reg. Gral. - Base Imponible y cuota - Reg. espec. bienes usados - Cuota [12]</field>
        <field name="fixed_value">0</field>
        <field name="export_type">float</field>
        <field name="apply_sign" eval="True" />
        <field name="size">17</field>
        <field name="decimal_size">2</field>
        <field name="alignment">right</field>
    </record>
    <record
        id="aeat_mod390_2019_sub02_export_line_30"
        model="aeat.model.export.config.line"
    >
        <field name="sequence">30</field>
        <field name="export_config_id" ref="aeat_mod390_2019_sub02_export_config" />
        <field
            name="name"
        >5. Operaciones Reg. Gral. - Base Imponible y cuota - Reg. espec. agencias viajes - Base imponible [13]</field>
        <field name="fixed_value">0</field>
        <field name="export_type">float</field>
        <field name="apply_sign" eval="True" />
        <field name="size">17</field>
        <field name="decimal_size">2</field>
        <field name="alignment">right</field>
    </record>
    <record
        id="aeat_mod390_2019_sub02_export_line_31"
        model="aeat.model.export.config.line"
    >
        <field name="sequence">31</field>
        <field name="export_config_id" ref="aeat_mod390_2019_sub02_export_config" />
        <field
            name="name"
        >5. Operaciones Reg. Gral. - Base Imponible y cuota - Reg. espec. agencias viajes - Cuota [14]</field>
        <field name="fixed_value">0</field>
        <field name="export_type">float</field>
        <field name="apply_sign" eval="True" />
        <field name="size">17</field>
        <field name="decimal_size">2</field>
        <field name="alignment">right</field>
    </record>
    <record
        id="aeat_mod390_2019_sub02_export_line_32"
        model="aeat.model.export.config.line"
    >
        <field name="sequence">32</field>
        <field name="export_config_id" ref="aeat_mod390_2019_sub02_export_config" />
        <field
            name="name"
        >5. Operaciones Reg. Gral. - Base Imponible y cuota - Adquis. intracomunit. bienes - Base imponible [21]</field>
        <field
            name="expression"
        >${object.tax_line_ids.filtered(lambda r: r.field_number == 21).amount}</field>
        <field name="export_type">float</field>
        <field name="apply_sign" eval="True" />
        <field name="size">17</field>
        <field name="decimal_size">2</field>
        <field name="alignment">right</field>
    </record>
    <record
        id="aeat_mod390_2019_sub02_export_line_33"
        model="aeat.model.export.config.line"
    >
        <field name="sequence">33</field>
        <field name="export_config_id" ref="aeat_mod390_2019_sub02_export_config" />
        <field
            name="name"
        >5. Operaciones Reg. Gral. - Base Imponible y cuota - Adquis. intracomunit. bienes - Cuota [22]</field>
        <field
            name="expression"
        >${object.tax_line_ids.filtered(lambda r: r.field_number == 22).amount}</field>
        <field name="export_type">float</field>
        <field name="apply_sign" eval="True" />
        <field name="size">17</field>
        <field name="decimal_size">2</field>
        <field name="alignment">right</field>
    </record>
    <record
        id="aeat_mod390_2019_sub02_export_line_34"
        model="aeat.model.export.config.line"
    >
        <field name="sequence">34</field>
        <field name="export_config_id" ref="aeat_mod390_2019_sub02_export_config" />
        <field
            name="name"
        >5. Operaciones Reg. Gral. - Base Imponible y cuota - Adquis. intracomunit. bienes - Base imponible [23]</field>
        <field
            name="expression"
        >${object.tax_line_ids.filtered(lambda r: r.field_number == 23).amount}</field>
        <field name="export_type">float</field>
        <field name="apply_sign" eval="True" />
        <field name="size">17</field>
        <field name="decimal_size">2</field>
        <field name="alignment">right</field>
    </record>
    <record
        id="aeat_mod390_2019_sub02_export_line_35"
        model="aeat.model.export.config.line"
    >
        <field name="sequence">35</field>
        <field name="export_config_id" ref="aeat_mod390_2019_sub02_export_config" />
        <field
            name="name"
        >5. Operaciones Reg. Gral. - Base Imponible y cuota - Adquis. intracomunit. bienes - Cuota [24]</field>
        <field
            name="expression"
        >${object.tax_line_ids.filtered(lambda r: r.field_number == 24).amount}</field>
        <field name="export_type">float</field>
        <field name="apply_sign" eval="True" />
        <field name="size">17</field>
        <field name="decimal_size">2</field>
        <field name="alignment">right</field>
    </record>
    <record
        id="aeat_mod390_2019_sub02_export_line_36"
        model="aeat.model.export.config.line"
    >
        <field name="sequence">36</field>
        <field name="export_config_id" ref="aeat_mod390_2019_sub02_export_config" />
        <field
            name="name"
        >5. Operaciones Reg. Gral. - Base Imponible y cuota - Adquis. intracomunit. bienes - Base imponible [25]</field>
        <field
            name="expression"
        >${object.tax_line_ids.filtered(lambda r: r.field_number == 25).amount}</field>
        <field name="export_type">float</field>
        <field name="apply_sign" eval="True" />
        <field name="size">17</field>
        <field name="decimal_size">2</field>
        <field name="alignment">right</field>
    </record>
    <record
        id="aeat_mod390_2019_sub02_export_line_37"
        model="aeat.model.export.config.line"
    >
        <field name="sequence">37</field>
        <field name="export_config_id" ref="aeat_mod390_2019_sub02_export_config" />
        <field
            name="name"
        >5. Operaciones Reg. Gral. - Base Imponible y cuota - Adquis. intracomunit. bienes - Cuota [26]</field>
        <field
            name="expression"
        >${object.tax_line_ids.filtered(lambda r: r.field_number == 26).amount}</field>
        <field name="export_type">float</field>
        <field name="apply_sign" eval="True" />
        <field name="size">17</field>
        <field name="decimal_size">2</field>
        <field name="alignment">right</field>
    </record>
    <record
        id="aeat_mod390_2019_sub02_export_line_38"
        model="aeat.model.export.config.line"
    >
        <field name="sequence">38</field>
        <field name="export_config_id" ref="aeat_mod390_2019_sub02_export_config" />
        <field
            name="name"
        >5. Operaciones Reg. Gral. - Base Imponible y cuota - Adquis. intracomunit. servicios - Base Imponible [545]</field>
        <field
            name="expression"
        >${object.tax_line_ids.filtered(lambda r: r.field_number == 545).amount}</field>
        <field name="export_type">float</field>
        <field name="apply_sign" eval="True" />
        <field name="size">17</field>
        <field name="decimal_size">2</field>
        <field name="alignment">right</field>
    </record>
    <record
        id="aeat_mod390_2019_sub02_export_line_39"
        model="aeat.model.export.config.line"
    >
        <field name="sequence">39</field>
        <field name="export_config_id" ref="aeat_mod390_2019_sub02_export_config" />
        <field
            name="name"
        >5. Operaciones Reg. Gral. - Base Imponible y cuota - Adquis. intracomunit. servicios - Cuota [546]</field>
        <field
            name="expression"
        >${object.tax_line_ids.filtered(lambda r: r.field_number == 546).amount}</field>
        <field name="export_type">float</field>
        <field name="apply_sign" eval="True" />
        <field name="size">17</field>
        <field name="decimal_size">2</field>
        <field name="alignment">right</field>
    </record>
    <record
        id="aeat_mod390_2019_sub02_export_line_40"
        model="aeat.model.export.config.line"
    >
        <field name="sequence">40</field>
        <field name="export_config_id" ref="aeat_mod390_2019_sub02_export_config" />
        <field
            name="name"
        >5. Operaciones Reg. Gral. - Base Imponible y cuota - Adquis. intracomunit. servicios - Base Imponible [547]</field>
        <field
            name="expression"
        >${object.tax_line_ids.filtered(lambda r: r.field_number == 547).amount}</field>
        <field name="export_type">float</field>
        <field name="apply_sign" eval="True" />
        <field name="size">17</field>
        <field name="decimal_size">2</field>
        <field name="alignment">right</field>
    </record>
    <record
        id="aeat_mod390_2019_sub02_export_line_41"
        model="aeat.model.export.config.line"
    >
        <field name="sequence">41</field>
        <field name="export_config_id" ref="aeat_mod390_2019_sub02_export_config" />
        <field
            name="name"
        >5. Operaciones Reg. Gral. - Base Imponible y cuota - Adquis. intracomunit. servicios - Cuota [548]</field>
        <field
            name="expression"
        >${object.tax_line_ids.filtered(lambda r: r.field_number == 548).amount}</field>
        <field name="export_type">float</field>
        <field name="apply_sign" eval="True" />
        <field name="size">17</field>
        <field name="decimal_size">2</field>
        <field name="alignment">right</field>
    </record>
    <record
        id="aeat_mod390_2019_sub02_export_line_42"
        model="aeat.model.export.config.line"
    >
        <field name="sequence">42</field>
        <field name="export_config_id" ref="aeat_mod390_2019_sub02_export_config" />
        <field
            name="name"
        >5. Operaciones Reg. Gral. - Base Imponible y cuota - Adquis. intracomunit. servicios - Base Imponible [551]</field>
        <field
            name="expression"
        >${object.tax_line_ids.filtered(lambda r: r.field_number == 551).amount}</field>
        <field name="export_type">float</field>
        <field name="apply_sign" eval="True" />
        <field name="size">17</field>
        <field name="decimal_size">2</field>
        <field name="alignment">right</field>
    </record>
    <record
        id="aeat_mod390_2019_sub02_export_line_43"
        model="aeat.model.export.config.line"
    >
        <field name="sequence">43</field>
        <field name="export_config_id" ref="aeat_mod390_2019_sub02_export_config" />
        <field
            name="name"
        >5. Operaciones Reg. Gral. - Base Imponible y cuota - Adquis. intracomunit. servicios - Cuota [552]</field>
        <field
            name="expression"
        >${object.tax_line_ids.filtered(lambda r: r.field_number == 552).amount}</field>
        <field name="export_type">float</field>
        <field name="apply_sign" eval="True" />
        <field name="size">17</field>
        <field name="decimal_size">2</field>
        <field name="alignment">right</field>
    </record>
    <record
        id="aeat_mod390_2019_sub02_export_line_44"
        model="aeat.model.export.config.line"
    >
        <field name="sequence">44</field>
        <field name="export_config_id" ref="aeat_mod390_2019_sub02_export_config" />
        <field
            name="name"
        >5. Operaciones Reg. Gral. - Base Imponible y cuota - IVA deveng. invers. sujeto pasivo - Base imponible [27]</field>
        <field
            name="expression"
        >${object.tax_line_ids.filtered(lambda r: r.field_number == 27).amount}</field>
        <field name="export_type">float</field>
        <field name="apply_sign" eval="True" />
        <field name="size">17</field>
        <field name="decimal_size">2</field>
        <field name="alignment">right</field>
    </record>
    <record
        id="aeat_mod390_2019_sub02_export_line_45"
        model="aeat.model.export.config.line"
    >
        <field name="sequence">45</field>
        <field name="export_config_id" ref="aeat_mod390_2019_sub02_export_config" />
        <field
            name="name"
        >5. Operaciones Reg. Gral. - Base Imponible y cuota - IVA deveng. invers. sujeto pasivo - Cuota [28]</field>
        <field
            name="expression"
        >${object.tax_line_ids.filtered(lambda r: r.field_number == 28).amount}</field>
        <field name="export_type">float</field>
        <field name="apply_sign" eval="True" />
        <field name="size">17</field>
        <field name="decimal_size">2</field>
        <field name="alignment">right</field>
    </record>
    <record
        id="aeat_mod390_2019_sub02_export_line_46"
        model="aeat.model.export.config.line"
    >
        <field name="sequence">46</field>
        <field name="export_config_id" ref="aeat_mod390_2019_sub02_export_config" />
        <field
            name="name"
        >5. Operaciones Reg. Gral. - Base Imponible y cuota - Modificac. bases y cuotas - Base imponible [29]</field>
        <field
            name="expression"
        >${sum(object.tax_line_ids.filtered(lambda r: r.field_number == 29).mapped('amount'))}</field>
        <field name="export_type">float</field>
        <field name="apply_sign" eval="True" />
        <field name="size">17</field>
        <field name="decimal_size">2</field>
        <field name="alignment">right</field>
    </record>
    <record
        id="aeat_mod390_2019_sub02_export_line_47"
        model="aeat.model.export.config.line"
    >
        <field name="sequence">47</field>
        <field name="export_config_id" ref="aeat_mod390_2019_sub02_export_config" />
        <field
            name="name"
        >5. Operaciones Reg. Gral. - Base Imponible y cuota - Modificac. bases y cuotas - Cuota [30]</field>
        <field
            name="expression"
        >${sum(object.tax_line_ids.filtered(lambda r: r.field_number == 30).mapped('amount'))}</field>
        <field name="export_type">float</field>
        <field name="apply_sign" eval="True" />
        <field name="size">17</field>
        <field name="decimal_size">2</field>
        <field name="alignment">right</field>
    </record>
    <record
        id="aeat_mod390_2019_sub02_export_line_48"
        model="aeat.model.export.config.line"
    >
        <field name="sequence">48</field>
        <field name="export_config_id" ref="aeat_mod390_2019_sub02_export_config" />
        <field
            name="name"
        >5. Operaciones Reg. Gral. - Base Imponible y cuota - Modificac. bases y cuotas intragrupo - Cuota [649]</field>
        <field name="fixed_value">0</field>
        <field name="export_type">float</field>
        <field name="apply_sign" eval="True" />
        <field name="size">17</field>
        <field name="decimal_size">2</field>
        <field name="alignment">right</field>
    </record>
    <record
        id="aeat_mod390_2019_sub02_export_line_49"
        model="aeat.model.export.config.line"
    >
        <field name="sequence">49</field>
        <field name="export_config_id" ref="aeat_mod390_2019_sub02_export_config" />
        <field
            name="name"
        >5. Operaciones Reg. Gral. - Base Imponible y cuota - Modificac. bases y cuotas intragrupo - Cuota [650]</field>
        <field name="fixed_value">0</field>
        <field name="export_type">float</field>
        <field name="apply_sign" eval="True" />
        <field name="size">17</field>
        <field name="decimal_size">2</field>
        <field name="alignment">right</field>
    </record>
    <record
        id="aeat_mod390_2019_sub02_export_line_50"
        model="aeat.model.export.config.line"
    >
        <field name="sequence">50</field>
        <field name="export_config_id" ref="aeat_mod390_2019_sub02_export_config" />
        <field
            name="name"
        >5. Operaciones Reg. Gral. - Base Imponible y cuota - Modificac. bases/cuotas concurso acreedores - Base imponible [31]</field>
        <field name="fixed_value">0</field>
        <field name="export_type">float</field>
        <field name="apply_sign" eval="True" />
        <field name="size">17</field>
        <field name="decimal_size">2</field>
        <field name="alignment">right</field>
    </record>
    <record
        id="aeat_mod390_2019_sub02_export_line_51"
        model="aeat.model.export.config.line"
    >
        <field name="sequence">51</field>
        <field name="export_config_id" ref="aeat_mod390_2019_sub02_export_config" />
        <field
            name="name"
        >5. Operaciones Reg. Gral. - Base Imponible y cuota - Modificac. bases/cuotas concurso acreedores - Cuota [32]</field>
        <field name="fixed_value">0</field>
        <field name="export_type">float</field>
        <field name="apply_sign" eval="True" />
        <field name="size">17</field>
        <field name="decimal_size">2</field>
        <field name="alignment">right</field>
    </record>
    <record
        id="aeat_mod390_2019_sub02_export_line_52"
        model="aeat.model.export.config.line"
    >
        <field name="sequence">52</field>
        <field name="export_config_id" ref="aeat_mod390_2019_sub02_export_config" />
        <field
            name="name"
        >5. Operaciones Reg. Gral. - Base Imponible y cuota - Total bases y cuotas IVA - Base imponible [33]</field>
        <field name="expression">${object.casilla_33}</field>
        <field name="export_type">float</field>
        <field name="apply_sign" eval="True" />
        <field name="size">17</field>
        <field name="decimal_size">2</field>
        <field name="alignment">right</field>
    </record>
    <record
        id="aeat_mod390_2019_sub02_export_line_53"
        model="aeat.model.export.config.line"
    >
        <field name="sequence">53</field>
        <field name="export_config_id" ref="aeat_mod390_2019_sub02_export_config" />
        <field
            name="name"
        >5. Operaciones Reg. Gral. - Base Imponible y cuota - Total bases y cuotas IVA - Cuota [34]</field>
        <field name="expression">${object.casilla_34}</field>
        <field name="export_type">float</field>
        <field name="apply_sign" eval="True" />
        <field name="size">17</field>
        <field name="decimal_size">2</field>
        <field name="alignment">right</field>
    </record>
    <record
        id="aeat_mod390_2019_sub02_export_line_54"
        model="aeat.model.export.config.line"
    >
        <field name="sequence">54</field>
        <field name="export_config_id" ref="aeat_mod390_2019_sub02_export_config" />
        <field
            name="name"
        >5. Operaciones Reg. Gral. - Base Imponible y cuota - Recargo de equivalencia - Base imponible [35]</field>
        <field
            name="expression"
        >${object.tax_line_ids.filtered(lambda r: r.field_number == 35).amount}</field>
        <field name="export_type">float</field>
        <field name="apply_sign" eval="True" />
        <field name="size">17</field>
        <field name="decimal_size">2</field>
        <field name="alignment">right</field>
    </record>
    <record
        id="aeat_mod390_2019_sub02_export_line_55"
        model="aeat.model.export.config.line"
    >
        <field name="sequence">55</field>
        <field name="export_config_id" ref="aeat_mod390_2019_sub02_export_config" />
        <field
            name="name"
        >5. Operaciones Reg. Gral. - Base Imponible y cuota - Recargo de equivalencia - Cuota [36]</field>
        <field
            name="expression"
        >${object.tax_line_ids.filtered(lambda r: r.field_number == 36).amount}</field>
        <field name="export_type">float</field>
        <field name="apply_sign" eval="True" />
        <field name="size">17</field>
        <field name="decimal_size">2</field>
        <field name="alignment">right</field>
    </record>
    <record
        id="aeat_mod390_2019_sub02_export_line_56"
        model="aeat.model.export.config.line"
    >
        <field name="sequence">56</field>
        <field name="export_config_id" ref="aeat_mod390_2019_sub02_export_config" />
        <field
            name="name"
        >5. Operaciones Reg. Gral. - Base Imponible y cuota - Recargo de equivalencia - Base imponible [599]</field>
        <field
            name="expression"
        >${object.tax_line_ids.filtered(lambda r: r.field_number == 599).amount}</field>
        <field name="export_type">float</field>
        <field name="apply_sign" eval="True" />
        <field name="size">17</field>
        <field name="decimal_size">2</field>
        <field name="alignment">right</field>
    </record>
    <record
        id="aeat_mod390_2019_sub02_export_line_57"
        model="aeat.model.export.config.line"
    >
        <field name="sequence">57</field>
        <field name="export_config_id" ref="aeat_mod390_2019_sub02_export_config" />
        <field
            name="name"
        >5. Operaciones Reg. Gral. - Base Imponible y cuota - Recargo de equivalencia - Cuota [600]</field>
        <field
            name="expression"
        >${object.tax_line_ids.filtered(lambda r: r.field_number == 600).amount}</field>
        <field name="export_type">float</field>
        <field name="apply_sign" eval="True" />
        <field name="size">17</field>
        <field name="decimal_size">2</field>
        <field name="alignment">right</field>
    </record>
    <record
        id="aeat_mod390_2019_sub02_export_line_58"
        model="aeat.model.export.config.line"
    >
        <field name="sequence">58</field>
        <field name="export_config_id" ref="aeat_mod390_2019_sub02_export_config" />
        <field
            name="name"
        >5. Operaciones Reg. Gral. - Base Imponible y cuota - Recargo de equivalencia - Base imponible [601]</field>
        <field
            name="expression"
        >${object.tax_line_ids.filtered(lambda r: r.field_number == 601).amount}</field>
        <field name="export_type">float</field>
        <field name="apply_sign" eval="True" />
        <field name="size">17</field>
        <field name="decimal_size">2</field>
        <field name="alignment">right</field>
    </record>
    <record
        id="aeat_mod390_2019_sub02_export_line_59"
        model="aeat.model.export.config.line"
    >
        <field name="sequence">59</field>
        <field name="export_config_id" ref="aeat_mod390_2019_sub02_export_config" />
        <field
            name="name"
        >5. Operaciones Reg. Gral. - Base Imponible y cuota - Recargo de equivalencia - Cuota [602]</field>
        <field
            name="expression"
        >${object.tax_line_ids.filtered(lambda r: r.field_number == 602).amount}</field>
        <field name="export_type">float</field>
        <field name="apply_sign" eval="True" />
        <field name="size">17</field>
        <field name="decimal_size">2</field>
        <field name="alignment">right</field>
    </record>
    <record
        id="aeat_mod390_2019_sub02_export_line_60"
        model="aeat.model.export.config.line"
    >
        <field name="sequence">60</field>
        <field name="export_config_id" ref="aeat_mod390_2019_sub02_export_config" />
        <field
            name="name"
        >5. Operaciones Reg. Gral. - Base Imponible y cuota - Recargo de equivalencia - Base imponible [41]</field>
        <field
            name="expression"
        >${object.tax_line_ids.filtered(lambda r: r.field_number == 41).amount}</field>
        <field name="export_type">float</field>
        <field name="apply_sign" eval="True" />
        <field name="size">17</field>
        <field name="decimal_size">2</field>
        <field name="alignment">right</field>
    </record>
    <record
        id="aeat_mod390_2019_sub02_export_line_61"
        model="aeat.model.export.config.line"
    >
        <field name="sequence">61</field>
        <field name="export_config_id" ref="aeat_mod390_2019_sub02_export_config" />
        <field
            name="name"
        >5. Operaciones Reg. Gral. - Base Imponible y cuota - Recargo de equivalencia - Cuota [42]</field>
        <field
            name="expression"
        >${object.tax_line_ids.filtered(lambda r: r.field_number == 42).amount}</field>
        <field name="export_type">float</field>
        <field name="apply_sign" eval="True" />
        <field name="size">17</field>
        <field name="decimal_size">2</field>
        <field name="alignment">right</field>
    </record>
    <record
        id="aeat_mod390_2019_sub02_export_line_62"
        model="aeat.model.export.config.line"
    >
        <field name="sequence">62</field>
        <field name="export_config_id" ref="aeat_mod390_2019_sub02_export_config" />
        <field
            name="name"
        >5. Operaciones Reg. Gral. - Base Imponible y cuota - Modific. recargo equivalencia - Base imponible [43]</field>
        <field
            name="expression"
        >${object.tax_line_ids.filtered(lambda r: r.field_number == 43).amount}</field>
        <field name="export_type">float</field>
        <field name="apply_sign" eval="True" />
        <field name="size">17</field>
        <field name="decimal_size">2</field>
        <field name="alignment">right</field>
    </record>
    <record
        id="aeat_mod390_2019_sub02_export_line_63"
        model="aeat.model.export.config.line"
    >
        <field name="sequence">63</field>
        <field name="export_config_id" ref="aeat_mod390_2019_sub02_export_config" />
        <field
            name="name"
        >5. Operaciones Reg. Gral. - Base Imponible y cuota - Modific. recargo equivalencia - Cuota [44]</field>
        <field
            name="expression"
        >${object.tax_line_ids.filtered(lambda r: r.field_number == 44).amount}</field>
        <field name="export_type">float</field>
        <field name="apply_sign" eval="True" />
        <field name="size">17</field>
        <field name="decimal_size">2</field>
        <field name="alignment">right</field>
    </record>
    <record
        id="aeat_mod390_2019_sub02_export_line_64"
        model="aeat.model.export.config.line"
    >
        <field name="sequence">64</field>
        <field name="export_config_id" ref="aeat_mod390_2019_sub02_export_config" />
        <field
            name="name"
        >5. Operaciones Reg. Gral. - Base Imponible y cuota - Modific. recargo equiv. Concurso acreedores - Base imponible [45]</field>
        <field name="fixed_value">0</field>
        <field name="export_type">float</field>
        <field name="apply_sign" eval="True" />
        <field name="size">17</field>
        <field name="decimal_size">2</field>
        <field name="alignment">right</field>
    </record>
    <record
        id="aeat_mod390_2019_sub02_export_line_65"
        model="aeat.model.export.config.line"
    >
        <field name="sequence">65</field>
        <field name="export_config_id" ref="aeat_mod390_2019_sub02_export_config" />
        <field
            name="name"
        >5. Operaciones Reg. Gral. - Base Imponible y cuota - Modific. recargo equiv. Concurso acreedores - Cuota [46]</field>
        <field name="fixed_value">0</field>
        <field name="export_type">float</field>
        <field name="apply_sign" eval="True" />
        <field name="size">17</field>
        <field name="decimal_size">2</field>
        <field name="alignment">right</field>
    </record>
    <record
        id="aeat_mod390_2019_sub02_export_line_66"
        model="aeat.model.export.config.line"
    >
        <field name="sequence">66</field>
        <field name="export_config_id" ref="aeat_mod390_2019_sub02_export_config" />
        <field
            name="name"
        >5. Operaciones Reg. Gral. - Base Imponible y cuota - Total cuotas IVA y recargo equivalencia [47]</field>
        <field name="expression">${object.casilla_47}</field>
        <field name="export_type">float</field>
        <field name="apply_sign" eval="True" />
        <field name="size">17</field>
        <field name="decimal_size">2</field>
        <field name="alignment">right</field>
    </record>
    <record
        id="aeat_mod390_2019_sub02_export_line_67"
        model="aeat.model.export.config.line"
    >
        <field name="sequence">67</field>
        <field name="export_config_id" ref="aeat_mod390_2019_sub02_export_config" />
        <field name="name">Reservado para la A.E.A.T. (Dejar en blanco)</field>
        <field name="fixed_value" />
        <field name="export_type">string</field>
        <field name="size">150</field>
        <field name="alignment">left</field>
    </record>
    <record
        id="aeat_mod390_2019_sub02_export_line_68"
        model="aeat.model.export.config.line"
    >
        <field name="sequence">68</field>
        <field name="export_config_id" ref="aeat_mod390_2019_sub02_export_config" />
        <field name="name">Indicador de fin de registro: &lt;/T39002000&gt;</field>
        <field name="fixed_value">&lt;/T39002000&gt;</field>
        <field name="export_type">string</field>
        <field name="size">12</field>
        <field name="alignment">left</field>
    </record>
</odoo>
