id,name,model_id:id,group_id:id,perm_read,perm_write,perm_create,perm_unlink
access_l10n_es_intrastat_product_declaration,l10n_es_intrastat_product_declaration accountant,model_l10n_es_intrastat_product_declaration,account.group_account_manager,1,1,1,1
access_l10n_es_intrastat_product_declaration_line,l10n_es_intrastat_product_declaration_line accountant,model_l10n_es_intrastat_product_declaration_line,account.group_account_manager,1,1,1,1
access_l10n_es_intrastat_product_computation_line,l10n_es_intrastat_product_computation_line accountant,model_l10n_es_intrastat_product_computation_line,account.group_account_manager,1,1,1,1
access_l10n_es_intrastat_code_import,l10n_es_intrastat_code_import_user,model_l10n_es_intrastat_code_import,account.group_account_user,1,1,1,1
