<?xml version="1.0" encoding="UTF-8"?>
<!-- Copyright 2017 Ignacio Ibeas <ignacio@acysos.com>
     License AGPL-3.0 or later (http://www.gnu.org/licenses/agpl). -->
<odoo>
	<data noupdate="0">
        <record id="l10n_es.fp_nacional" model="account.fiscal.position.template">
            <field name="sii_registration_key_sale" ref="aeat_sii_mapping_registration_keys_01"/>
            <field name="sii_registration_key_purchase" ref="aeat_sii_mapping_registration_keys_16"/>
        </record>
        <record id="l10n_es.fp_intra" model="account.fiscal.position.template">
            <field name="sii_registration_key_sale" ref="aeat_sii_mapping_registration_keys_01"/>
            <field name="sii_registration_key_purchase" ref="aeat_sii_mapping_registration_keys_24"/>
        </record>
        <record id="l10n_es.fp_extra" model="account.fiscal.position.template">
            <field name="sii_registration_key_sale" ref="aeat_sii_mapping_registration_keys_02"/>
            <field name="sii_registration_key_purchase" ref="aeat_sii_mapping_registration_keys_28"/>
        </record>
        <record id="l10n_es.fp_recargo" model="account.fiscal.position.template">
            <field name="sii_registration_key_sale" ref="aeat_sii_mapping_registration_keys_01"/>
            <field name="sii_registration_key_purchase" ref="aeat_sii_mapping_registration_keys_16"/>
        </record>
        <record id="l10n_es.fp_recargo_isp" model="account.fiscal.position.template">
            <field name="sii_registration_key_sale" ref="aeat_sii_mapping_registration_keys_01"/>
            <field name="sii_registration_key_purchase" ref="aeat_sii_mapping_registration_keys_16"/>
        </record>
        <record id="l10n_es.fp_irpf1" model="account.fiscal.position.template">
            <field name="sii_registration_key_sale" ref="aeat_sii_mapping_registration_keys_01"/>
            <field name="sii_registration_key_purchase" ref="aeat_sii_mapping_registration_keys_16"/>
        </record>
        <record id="l10n_es.fp_irpf2" model="account.fiscal.position.template">
            <field name="sii_registration_key_sale" ref="aeat_sii_mapping_registration_keys_01"/>
            <field name="sii_registration_key_purchase" ref="aeat_sii_mapping_registration_keys_16"/>
        </record>
        <record id="l10n_es.fp_irpf7" model="account.fiscal.position.template">
            <field name="sii_registration_key_sale" ref="aeat_sii_mapping_registration_keys_01"/>
            <field name="sii_registration_key_purchase" ref="aeat_sii_mapping_registration_keys_16"/>
        </record>
        <record id="l10n_es.fp_irpf9" model="account.fiscal.position.template">
            <field name="sii_registration_key_sale" ref="aeat_sii_mapping_registration_keys_01"/>
            <field name="sii_registration_key_purchase" ref="aeat_sii_mapping_registration_keys_16"/>
        </record>
        <record id="l10n_es.fp_irpf15" model="account.fiscal.position.template">
            <field name="sii_registration_key_sale" ref="aeat_sii_mapping_registration_keys_01"/>
            <field name="sii_registration_key_purchase" ref="aeat_sii_mapping_registration_keys_16"/>
        </record>
        <record id="l10n_es.fp_irpf18" model="account.fiscal.position.template">
            <field name="sii_registration_key_sale" ref="aeat_sii_mapping_registration_keys_01"/>
            <field name="sii_registration_key_purchase" ref="aeat_sii_mapping_registration_keys_16"/>
        </record>
        <record id="l10n_es.fp_irpf19" model="account.fiscal.position.template">
            <field name="sii_registration_key_sale" ref="aeat_sii_mapping_registration_keys_01"/>
            <field name="sii_registration_key_purchase" ref="aeat_sii_mapping_registration_keys_16"/>
        </record>
        <record id="l10n_es.fp_irpf19a" model="account.fiscal.position.template">
            <field name="sii_registration_key_sale" ref="aeat_sii_mapping_registration_keys_11"/>
            <field name="sii_registration_key_purchase" ref="aeat_sii_mapping_registration_keys_27"/>
        </record>
        <record id="l10n_es.fp_irpf195a" model="account.fiscal.position.template">
            <field name="sii_registration_key_sale" ref="aeat_sii_mapping_registration_keys_11"/>
            <field name="sii_registration_key_purchase" ref="aeat_sii_mapping_registration_keys_27"/>
        </record>
        <record id="l10n_es.fp_irpf20" model="account.fiscal.position.template">
            <field name="sii_registration_key_sale" ref="aeat_sii_mapping_registration_keys_01"/>
            <field name="sii_registration_key_purchase" ref="aeat_sii_mapping_registration_keys_16"/>
        </record>
        <record id="l10n_es.fp_irpf20a" model="account.fiscal.position.template">
            <field name="sii_registration_key_sale" ref="aeat_sii_mapping_registration_keys_11"/>
            <field name="sii_registration_key_purchase" ref="aeat_sii_mapping_registration_keys_27"/>
        </record>
        <record id="l10n_es.fp_irpf21" model="account.fiscal.position.template">
            <field name="sii_registration_key_sale" ref="aeat_sii_mapping_registration_keys_01"/>
            <field name="sii_registration_key_purchase" ref="aeat_sii_mapping_registration_keys_16"/>
        </record>
        <record id="l10n_es.fp_irpf21a" model="account.fiscal.position.template">
            <field name="sii_registration_key_sale" ref="aeat_sii_mapping_registration_keys_11"/>
            <field name="sii_registration_key_purchase" ref="aeat_sii_mapping_registration_keys_27"/>
        </record>
        <record id="l10n_es.fp_ispn" model="account.fiscal.position.template">
            <field name="sii_registration_key_sale" ref="aeat_sii_mapping_registration_keys_01"/>
            <field name="sii_registration_key_purchase" ref="aeat_sii_mapping_registration_keys_16"/>
        </record>
        <record id="l10n_es.fp_rnrisp" model="account.fiscal.position.template">
            <field name="sii_registration_key_sale" ref="aeat_sii_mapping_registration_keys_01"/>
            <field name="sii_registration_key_purchase" ref="aeat_sii_mapping_registration_keys_16"/>
        </record>
	</data>
</odoo>
