<?xml version="1.0" encoding="UTF-8"?>
<!-- Copyright 2017 Ignacio Ibeas <ignacio@acysos.com>
     License AGPL-3.0 or later (http://www.gnu.org/licenses/agpl). -->
<odoo>
    <data noupdate="0">
        <record id="aeat_sii_map_1_0" model="aeat.sii.map">
            <field name="name">SII 1.0</field>
            <field name="version">1.0</field>
            <field name="date_from">2017-07-01</field>
            <field name="date_to">2018-06-30</field>
        </record>
        
        <!-- SII Tax Map Lines -->
        <record id="aeat_sii_map_1_0_line_SFESB" model="aeat.sii.map.lines">
            <field name="code">SFESB</field>
            <field name="taxes" eval="[(6, 0, [
                ref('l10n_es.account_tax_template_s_iva21b'),
                ref('l10n_es.account_tax_template_s_iva4b'),
                ref('l10n_es.account_tax_template_s_iva10b')
            ])]"/>
            <field name="sii_map_id" ref="aeat_sii_map_1_0"/>
            <field name="name">SuministroFactEmitidas Sujetas Bienes</field>
        </record>

        <record id="aeat_sii_map_1_0_line_SFESISP" model="aeat.sii.map.lines">
            <field name="code">SFESISP</field>
            <field name="taxes" eval="[(6, 0, [
                ref('l10n_es.account_tax_template_s_iva0_isp')
            ])]"/>
            <field name="sii_map_id" ref="aeat_sii_map_1_0"/>
            <field name="name">SuministroFactEmitidas Sujetas ISP</field>
        </record>

        <record id="aeat_sii_map_1_0_line_SFENS" model="aeat.sii.map.lines">
            <field name="code">SFENS</field>
            <field name="taxes" eval="[(6, 0, [
                ref('l10n_es.account_tax_template_s_iva_ns')
            ])]"/>
            <field name="sii_map_id" ref="aeat_sii_map_1_0"/>
            <field name="name">SuministroFactEmitidas No Sujeta</field>
        </record>

        <record id="aeat_sii_map_1_0_line_SFESS" model="aeat.sii.map.lines">
            <field name="code">SFESS</field>
            <field name="taxes" eval="[(6, 0, [
                ref('l10n_es.account_tax_template_s_iva21s'),
                ref('l10n_es.account_tax_template_s_iva10s'),
                ref('l10n_es.account_tax_template_s_iva4s')
            ])]"/>
            <field name="sii_map_id" ref="aeat_sii_map_1_0"/>
            <field name="name">SuministroFactEmitidas Sujetas Servicios</field>
        </record>

        <record id="aeat_sii_map_1_0_line_SFESBE" model="aeat.sii.map.lines">
            <field name="code">SFESBE</field>
            <!-- <field name="taxes"/> -->
            <field name="sii_map_id" ref="aeat_sii_map_1_0"/>
            <field name="name">SuministroFactEmitidas Bienes Exento</field>
        </record>
        
        <record id="aeat_sii_map_1_0_line_SFESBEI" model="aeat.sii.map.lines">
            <field name="code">SFESBEI</field>
            <field name="taxes" eval="[(6, 0, [
                ref('l10n_es.account_tax_template_s_iva0_ic')
            ])]"/>
            <field name="sii_map_id" ref="aeat_sii_map_1_0"/>
            <field name="name">SuministroFactEmitidas Bienes Exento Intracomunitarias</field>
        </record>
        
        <record id="aeat_sii_map_1_0_line_SFESBEE" model="aeat.sii.map.lines">
            <field name="code">SFESBEE</field>
            <field name="taxes" eval="[(6, 0, [
                ref('l10n_es.account_tax_template_s_iva0_e')
            ])]"/>
            <field name="sii_map_id" ref="aeat_sii_map_1_0"/>
            <field name="name">SuministroFactEmitidas Bienes Exento Exportaciones</field>
        </record>

        <record id="aeat_sii_map_1_0_line_SFESSE" model="aeat.sii.map.lines">
            <field name="code">SFESSE</field>
            <field name="taxes" eval="[(6, 0, [
                ref('l10n_es.account_tax_template_s_iva0'),
                ref('l10n_es.account_tax_template_s_iva0_sp_i')
            ])]"/>
            <field name="sii_map_id" ref="aeat_sii_map_1_0"/>
            <field name="name">SuministroFactEmitidas Servicios Exento</field>
        </record>

        <record id="aeat_sii_map_1_0_line_SFRS" model="aeat.sii.map.lines">
            <field name="code">SFRS</field>
            <field name="taxes" eval="[(6, 0, [
                ref('l10n_es.account_tax_template_p_iva21_bc'),
                ref('l10n_es.account_tax_template_p_iva21_sc'),
                ref('l10n_es.account_tax_template_p_iva10_bc'),
                ref('l10n_es.account_tax_template_p_iva10_sc'),
                ref('l10n_es.account_tax_template_p_iva4_bc'),
                ref('l10n_es.account_tax_template_p_iva4_sc'),
                ref('l10n_es.account_tax_template_p_iva0_bc'),
                ref('l10n_es.account_tax_template_p_iva0_ns'),
                ref('l10n_es.account_tax_template_p_iva4_bi'),
                ref('l10n_es.account_tax_template_p_iva10_bi'),
                ref('l10n_es.account_tax_template_p_iva21_bi'),
                ref('l10n_es.account_tax_template_p_iva4_sp_in'),
                ref('l10n_es.account_tax_template_p_iva10_sp_in'),
                ref('l10n_es.account_tax_template_p_iva21_sp_in'),
                ref('l10n_es.account_tax_template_p_iva4_ic_bc'),
                ref('l10n_es.account_tax_template_p_iva10_ic_bc'),
                ref('l10n_es.account_tax_template_p_iva21_ic_bc'),
                ref('l10n_es.account_tax_template_p_iva4_ic_bi'),
                ref('l10n_es.account_tax_template_p_iva10_ic_bi'),
                ref('l10n_es.account_tax_template_p_iva21_ic_bi'),
                ref('l10n_es.account_tax_template_p_iva4_ibc'),
                ref('l10n_es.account_tax_template_p_iva10_ibc'),
                ref('l10n_es.account_tax_template_p_iva21_ibc')
            ])]"/>
            <field name="sii_map_id" ref="aeat_sii_map_1_0"/>
            <field name="name">SuministroFactRecibidas Sujetas</field>
        </record>

        <record id="aeat_sii_map_1_0_line_SFRISP" model="aeat.sii.map.lines">
            <field name="code">SFRISP</field>
            <field name="taxes" eval="[(6, 0, [
                ref('l10n_es.account_tax_template_p_iva21_isp'),
                ref('l10n_es.account_tax_template_p_iva10_isp'),
                ref('l10n_es.account_tax_template_p_iva4_isp')
            ])]"/>
            <field name="sii_map_id" ref="aeat_sii_map_1_0"/>
            <field name="name">SuministroFactRecibidas ISP</field>
        </record>

        <record id="aeat_sii_map_1_0_line_SFRBI" model="aeat.sii.map.lines">
            <field name="code">SFRBI</field>
            <field name="taxes" eval="[(6, 0, [
                ref('l10n_es.account_tax_template_p_iva4_bi'),
                ref('l10n_es.account_tax_template_p_iva10_bi'),
                ref('l10n_es.account_tax_template_p_iva21_bi')
            ])]"/>
            <field name="sii_map_id" ref="aeat_sii_map_1_0"/>
            <field name="name">SuministroFactRecibidas Bienes de Inversión</field>
        </record>

        <record id="aeat_sii_map_1_0_line_RE" model="aeat.sii.map.lines">
            <field name="code">RE</field>
            <field name="taxes" eval="[(6, 0, [
                ref('l10n_es.account_tax_template_p_req52'),
                ref('l10n_es.account_tax_template_s_req52'),
                ref('l10n_es.account_tax_template_p_req014'),
                ref('l10n_es.account_tax_template_s_req014'),
                ref('l10n_es.account_tax_template_p_req05'),
                ref('l10n_es.account_tax_template_s_req05')
            ])]"/>
            <field name="sii_map_id" ref="aeat_sii_map_1_0"/>
            <field name="name">SuministroFact Recargo Equivalencia</field>
        </record>

        <!-- SII WDSL Urls-->
        <record id="wsdl_out_1_0" model="aeat.sii.wsdl">
        	<field name="name">SuministroFactEmitidas</field>
        	<field name="key">wsdl_out</field>
        	<field name="wsdl">https://www2.agenciatributaria.gob.es/static_files/common/internet/dep/aplicaciones/es/aeat/ssii/fact/ws/SuministroFactEmitidas.wsdl</field>
        	<field name="sii_map_id" ref="aeat_sii_map_1_0"/>
        </record>
        <record id="wsdl_in_1_0" model="aeat.sii.wsdl">
        	<field name="name">SuministroFactRecibidas</field>
        	<field name="key">wsdl_in</field>
        	<field name="wsdl">https://www2.agenciatributaria.gob.es/static_files/common/internet/dep/aplicaciones/es/aeat/ssii/fact/ws/SuministroFactRecibidas.wsdl</field>
        	<field name="sii_map_id" ref="aeat_sii_map_1_0"/>
        </record>
        <record id="wsdl_pi_1_0" model="aeat.sii.wsdl">
        	<field name="name">SuministroBienesInversion</field>
        	<field name="key">wsdl_pi</field>
        	<field name="wsdl">https://www2.agenciatributaria.gob.es/static_files/common/internet/dep/aplicaciones/es/aeat/ssii/fact/ws/SuministroBienesInversion.wsdl</field>
        	<field name="sii_map_id" ref="aeat_sii_map_1_0"/>
        </record>
        <record id="wsdl_ic_1_0" model="aeat.sii.wsdl">
        	<field name="name">SuministroOpIntracomunitarias</field>
        	<field name="key">wsdl_ic</field>
        	<field name="wsdl">https://www2.agenciatributaria.gob.es/static_files/common/internet/dep/aplicaciones/es/aeat/ssii/fact/ws/SuministroOpIntracomunitarias.wsdl</field>
        	<field name="sii_map_id" ref="aeat_sii_map_1_0"/>
        </record>
        <record id="wsdl_pr_1_0" model="aeat.sii.wsdl">
        	<field name="name">SuministroCobrosEmitidas</field>
        	<field name="key">wsdl_pr</field>
        	<field name="wsdl">https://www2.agenciatributaria.gob.es/static_files/common/internet/dep/aplicaciones/es/aeat/ssii/fact/ws/SuministroCobrosEmitidas.wsdl</field>
        	<field name="sii_map_id" ref="aeat_sii_map_1_0"/>
        </record>
        <record id="wsdl_ott_1_0" model="aeat.sii.wsdl">
        	<field name="name">SuministroOpTrascendTribu</field>
        	<field name="key">wsdl_ott</field>
        	<field name="wsdl">https://www2.agenciatributaria.gob.es/static_files/common/internet/dep/aplicaciones/es/aeat/ssii/fact/ws/SuministroOpTrascendTribu.wsdl</field>
        	<field name="sii_map_id" ref="aeat_sii_map_1_0"/>
        </record>
        <record id="wsdl_ps_1_0" model="aeat.sii.wsdl">
        	<field name="name">SuministroPagosRecibidas</field>
        	<field name="key">wsdl_ps</field>
        	<field name="wsdl">https://www2.agenciatributaria.gob.es/static_files/common/internet/dep/aplicaciones/es/aeat/ssii/fact/ws/SuministroPagosRecibidas.wsdl</field>
        	<field name="sii_map_id" ref="aeat_sii_map_1_0"/>
        </record>
    </data>
</odoo>
