id,name,model_id:id,group_id:id,perm_read,perm_write,perm_create,perm_unlink
access_l10n_es_aeat_vat_book,l10n_es_aeat_vat_book,model_l10n_es_vat_book,l10n_es_aeat.group_account_aeat,1,1,1,1
access_l10n_es_aeat_vat_book_line,l10n_es_aeat_vat_book_line,model_l10n_es_vat_book_line,l10n_es_aeat.group_account_aeat,1,1,1,1
access_l10n_es_aeat_vat_book_line_tax,l10n_es_aeat_vat_book_line_tax,model_l10n_es_vat_book_line_tax,l10n_es_aeat.group_account_aeat,1,1,1,1
access_l10n_es_aeat_vat_book_tax_summary,l10n_es_aeat_vat_book_tax_summary,model_l10n_es_vat_book_tax_summary,l10n_es_aeat.group_account_aeat,1,1,1,1
access_l10n_es_aeat_vat_book_summary,l10n_es_aeat_vat_book_summary,model_l10n_es_vat_book_summary,l10n_es_aeat.group_account_aeat,1,1,1,1
access_aeat_vat_book_map_line,aeat_vat_book_map_line,model_aeat_vat_book_map_line,l10n_es_aeat.group_account_aeat,1,1,1,1
