<?xml version="1.0" encoding="utf-8" ?>
<odoo>
    <record id="ir_rule_vat_book_company" model="ir.rule">
        <field name="name">Vat_book Company Rule</field>
        <field name="model_id" ref="model_l10n_es_vat_book" />
        <field name="perm_write" eval="True" />
        <field name="perm_create" eval="True" />
        <field name="perm_unlink" eval="True" />
        <field
            name="domain_force"
        >['|',('company_id','=',False),('company_id','in',company_ids)]</field>
    </record>
</odoo>
