<?xml version="1.0" encoding="UTF-8" ?>
<odoo>
    <record
        id="aeat_sii_mapping_registration_keys_01"
        model="aeat.sii.mapping.registration.keys"
    >
        <field name="code">01</field>
        <field name="name">Operación de régimen general</field>
        <field name="type">sale</field>
    </record>
    <record
        id="aeat_sii_mapping_registration_keys_02"
        model="aeat.sii.mapping.registration.keys"
    >
        <field name="code">02</field>
        <field name="name">Exportación</field>
        <field name="type">sale</field>
    </record>
    <record
        id="aeat_sii_mapping_registration_keys_03"
        model="aeat.sii.mapping.registration.keys"
    >
        <field name="code">03</field>
        <field
            name="name"
        >Operaciones a las que se aplique el régimen especial de bienes usados, objetos de arte, antigüedades y objetos de colección</field>
        <field name="type">sale</field>
    </record>
    <record
        id="aeat_sii_mapping_registration_keys_04"
        model="aeat.sii.mapping.registration.keys"
    >
        <field name="code">04</field>
        <field name="name">Régimen especial oro de inversión</field>
        <field name="type">sale</field>
    </record>
    <record
        id="aeat_sii_mapping_registration_keys_05"
        model="aeat.sii.mapping.registration.keys"
    >
        <field name="code">05</field>
        <field name="name">Régimen especial agencias de viajes</field>
        <field name="type">sale</field>
    </record>
    <record
        id="aeat_sii_mapping_registration_keys_06"
        model="aeat.sii.mapping.registration.keys"
    >
        <field name="code">06</field>
        <field
            name="name"
        >Régimen especial grupo de entidades en IVA (Nivel Avanzado)</field>
        <field name="type">sale</field>
    </record>
    <record
        id="aeat_sii_mapping_registration_keys_07"
        model="aeat.sii.mapping.registration.keys"
    >
        <field name="code">07</field>
        <field name="name">Régimen especial criterio de caja</field>
        <field name="type">sale</field>
    </record>
    <record
        id="aeat_sii_mapping_registration_keys_08"
        model="aeat.sii.mapping.registration.keys"
    >
        <field name="code">08</field>
        <field
            name="name"
        >Operaciones sujetas al IPSI / IGIC (Impuesto sobre la Producción, los Servicios y la Importación / Impuesto General Indirecto Canario)</field>
        <field name="type">sale</field>
    </record>
    <record
        id="aeat_sii_mapping_registration_keys_09"
        model="aeat.sii.mapping.registration.keys"
    >
        <field name="code">09</field>
        <field
            name="name"
        >Facturación de las prestaciones de servicios de agencias de viaje que actúan como mediadoras en nombre y por cuenta ajena (D.A.4ª RD1619/2012)</field>
        <field name="type">sale</field>
    </record>
    <record
        id="aeat_sii_mapping_registration_keys_10"
        model="aeat.sii.mapping.registration.keys"
    >
        <field name="code">10</field>
        <field
            name="name"
        >Cobros por cuenta de terceros de honorarios profesionales o de derechos derivados de la propiedad industrial, de autor u otros por cuenta de sus socios, asociados o colegiados efectuados por sociedades, asociaciones, colegios profesionales u otras entidades que realicen estas funciones de cobro</field>
        <field name="type">sale</field>
    </record>
    <record
        id="aeat_sii_mapping_registration_keys_11"
        model="aeat.sii.mapping.registration.keys"
    >
        <field name="code">11</field>
        <field
            name="name"
        >Operaciones de arrendamiento de local de negocio sujetas a retención</field>
        <field name="type">sale</field>
    </record>
    <record
        id="aeat_sii_mapping_registration_keys_12"
        model="aeat.sii.mapping.registration.keys"
    >
        <field name="code">12</field>
        <field
            name="name"
        >Operaciones de arrendamiento de local de negocio no  sujetos a retención</field>
        <field name="type">sale</field>
    </record>
    <record
        id="aeat_sii_mapping_registration_keys_13"
        model="aeat.sii.mapping.registration.keys"
    >
        <field name="code">13</field>
        <field
            name="name"
        >Operaciones de arrendamiento de local de negocio sujetas y no sujetas a retención</field>
        <field name="type">sale</field>
    </record>
    <record
        id="aeat_sii_mapping_registration_keys_14"
        model="aeat.sii.mapping.registration.keys"
    >
        <field name="code">14</field>
        <field
            name="name"
        >Factura con IVA pendiente de devengo en certificaciones de obra cuyo destinatario sea una Administración Pública</field>
        <field name="type">sale</field>
    </record>
    <record
        id="aeat_sii_mapping_registration_keys_15"
        model="aeat.sii.mapping.registration.keys"
    >
        <field name="code">15</field>
        <field
            name="name"
        >Factura con IVA pendiente de devengo en operaciones de tracto sucesivo</field>
        <field name="type">sale</field>
    </record>
    <record
        id="aeat_sii_mapping_registration_keys_29"
        model="aeat.sii.mapping.registration.keys"
    >
        <field name="code">16</field>
        <field name="name">Primer semestre 2017</field>
        <field name="type">sale</field>
    </record>
    <record
        id="aeat_sii_mapping_registration_keys_16"
        model="aeat.sii.mapping.registration.keys"
    >
        <field name="code">01</field>
        <field name="name">Operación de régimen general</field>
        <field name="type">purchase</field>
    </record>
    <record
        id="aeat_sii_mapping_registration_keys_17"
        model="aeat.sii.mapping.registration.keys"
    >
        <field name="code">02</field>
        <field
            name="name"
        >Operaciones por las que los empresarios satisfacen compensaciones en las adquisiciones a personas acogidas al Régimen especial de la agricultura, ganaderia y pesca</field>
        <field name="type">purchase</field>
    </record>
    <record
        id="aeat_sii_mapping_registration_keys_18"
        model="aeat.sii.mapping.registration.keys"
    >
        <field name="code">03</field>
        <field
            name="name"
        >Operaciones a las que se aplique el régimen especial de bienes usados, objetos de arte, antigüedades y objetos de colección</field>
        <field name="type">purchase</field>
    </record>
    <record
        id="aeat_sii_mapping_registration_keys_19"
        model="aeat.sii.mapping.registration.keys"
    >
        <field name="code">04</field>
        <field name="name">Régimen especial oro de inversión</field>
        <field name="type">purchase</field>
    </record>
    <record
        id="aeat_sii_mapping_registration_keys_20"
        model="aeat.sii.mapping.registration.keys"
    >
        <field name="code">05</field>
        <field name="name">Régimen especial agencias de viajes</field>
        <field name="type">purchase</field>
    </record>
    <record
        id="aeat_sii_mapping_registration_keys_21"
        model="aeat.sii.mapping.registration.keys"
    >
        <field name="code">06</field>
        <field
            name="name"
        >Régimen especial grupo de entidades en IVA (Nivel Avanzado)</field>
        <field name="type">purchase</field>
    </record>
    <record
        id="aeat_sii_mapping_registration_keys_22"
        model="aeat.sii.mapping.registration.keys"
    >
        <field name="code">07</field>
        <field name="name">Régimen especial criterio de caja</field>
        <field name="type">purchase</field>
    </record>
    <record
        id="aeat_sii_mapping_registration_keys_23"
        model="aeat.sii.mapping.registration.keys"
    >
        <field name="code">08</field>
        <field
            name="name"
        >Operaciones sujetas al IPSI / IGIC (Impuesto sobre la Producción, los Servicios y la Importación / Impuesto General Indirecto Canario)</field>
        <field name="type">purchase</field>
    </record>
    <record
        id="aeat_sii_mapping_registration_keys_24"
        model="aeat.sii.mapping.registration.keys"
    >
        <field name="code">09</field>
        <field
            name="name"
        >Adquisiciones intracomunitarias de bienes y prestaciones de servicios</field>
        <field name="type">purchase</field>
    </record>
    <record
        id="aeat_sii_mapping_registration_keys_27"
        model="aeat.sii.mapping.registration.keys"
    >
        <field name="code">12</field>
        <field name="name">Operaciones de arrendamiento de local de negocio</field>
        <field name="type">purchase</field>
    </record>
    <record
        id="aeat_sii_mapping_registration_keys_28"
        model="aeat.sii.mapping.registration.keys"
    >
        <field name="code">13</field>
        <field
            name="name"
        >Factura correspondiente a una importación (informada sin asociar a un DUA)</field>
        <field name="type">purchase</field>
    </record>
    <record
        id="aeat_sii_mapping_registration_keys_30"
        model="aeat.sii.mapping.registration.keys"
    >
        <field name="code">14</field>
        <field name="name">Primer semestre 2017</field>
        <field name="type">purchase</field>
    </record>
</odoo>
