<?xml version='1.0' encoding='utf-8' ?>
<odoo>
    <record id="account_payment_order_company_rule" model="ir.rule">
        <field
            name="domain_force"
        >['|',('company_id','=',False),('company_id','in',company_ids)]</field>
    </record>
    <record id="account_payment_line_company_rule" model="ir.rule">
        <field
            name="domain_force"
        >['|',('company_id','=',False),('company_id','in',company_ids)]</field>
    </record>
    <record id="bank_payment_line_company_rule" model="ir.rule">
        <field
            name="domain_force"
        >['|',('company_id','=',False),('company_id','in',company_ids)]</field>
    </record>
</odoo>
