<?xml version="1.0" encoding="utf-8" ?>
<odoo>
    <record id="paperformat_euro_sepa_lowmargin" model="report.paperformat">
        <field name="name">European A4 low margin for SEPA</field>
        <field name="default" eval="True" />
        <field name="format">A4</field>
        <field name="page_height">0</field>
        <field name="page_width">0</field>
        <field name="orientation">Portrait</field>
        <field name="margin_top">10</field>
        <field name="margin_bottom">10</field>
        <field name="margin_left">5</field>
        <field name="margin_right">5</field>
        <field name="header_line" eval="False" />
        <field name="header_spacing">0</field>
        <field name="dpi">80</field>
    </record>
</odoo>
