<?xml version="1.0" encoding="utf-8" ?>
<odoo>
    <record id="account_tax_template_p_dua0" model="account.tax.template">
        <field name="chart_template_id" ref="l10n_es.account_chart_template_common" />
        <field name="description">DUA exento</field>
        <field name="name">DUA Exento</field>
        <field eval="0.00" name="amount" />
        <field name="amount_type">percent</field>
        <field name="type_tax_use">purchase</field>
        <field name="tax_group_id" ref="tax_group_dua_exento" />
        <field
            name="invoice_repartition_line_ids"
            eval="[(5, 0, 0),
            (0,0, {
                'factor_percent': 100,
                'repartition_type': 'base',
            }),

            (0,0, {
                'factor_percent': 100,
                'repartition_type': 'tax',
            }),

        ]"
        />
        <field
            name="refund_repartition_line_ids"
            eval="[(5, 0, 0),
            (0,0, {
                'factor_percent': 100,
                'repartition_type': 'base',
            }),

            (0,0, {
                'factor_percent': 100,
                'repartition_type': 'tax',
            }),
        ]"
        />
    </record>
</odoo>
